bathroom_bathrobe;Bathrobe;Bademantel;Peignoir;Accappatoio;boolean;bathroom
bathroom_bathtub;Bathtub;Badewanne;Baignoire;Vasca;boolean;bathroom
bathroom_freetoiletries;Free toiletries;Kostenlose Pflegeprodukte;Articles de toilette gratuits;Articoli da toeletta gratuiti;boolean;bathroom
bathroom_hairdryer;Hairdryer;Haartrockner;Sèche-cheveux;Asciugacapelli;boolean;bathroom
bathroom_privatebathroom;Private bathroom;Privates Badezimmer;Salle de bain privée;Bagno privato;boolean;bathroom
bathroom_sauna;Sauna;Sauna;Sauna;Sauna;boolean;bathroom
bathroom_separatetoilet;Separate toilet;Separate Toilette;WC séparé;WC separato;boolean;bathroom
bathroom_sharedbathroom;Shared bathroom;Gemeinsames Badezimmer;Salle de bain partagée;Bagno in comune;boolean;bathroom
bathroom_sharedtoilet;shared toilet;Gemeinschaftstoilette;WC commun;servizi igienici in comune;boolean;bathroom
bathroom_shower;Shower;Dusche;Douche;Doccia;boolean;bathroom
bathroom_toilet;toilet;Toilette;toilette;gabinetto;boolean;bathroom
bathroom_towels;Towels;Badetücher;Serviette de bain;Asciugamani;boolean;bathroom
bathroom_towelsrental;Towels rental;Vermietung von Handtüchern;Location de serviettes;Noleggio asciugamani;boolean;bathroom
bathroom_vanitymirror;Vanity mirror;Kosmetikspiegel;Miroir de courtoisie;Specchio cosmetico;boolean;bathroom
bathroom_wheelchairaccessiblebathroom;Wheelchair-accessible bathroom;Rollstuhlgerechtes Badezimmer;Salle de bain accessible en fauteuil roulant;Bagno accessibile con sedia a rotelle;boolean;bathroom
bathroom_whirlpoolbath;Whirlpool bath;Whirlpool;Bain à remous;Vasca idromassaggio;boolean;bathroom
bed_babybednumber;Number of baby beds;Anzahl Babybetten;Nombre lits pour bébés;Numero lettini per bambini;number;bed
bed_babybedspace;Space for baby bed;Platz für Babybett;Espace pour lit bébé;Spazio per culla;boolean;bed
bed_bunkbed;Bunk bed;Etagenbett;Lit superposé;Letto a castello;boolean;bed
bed_cot;Cot;Feldbett;Lit;Lettino;boolean;bed
bed_doublebed;Double bed;Doppelbett;Lit double;Letto matrimoniale;boolean;bed
bed_extrabed;Extra bed;Zustellbett;Lit d’appoint;Letto aggiunto;boolean;bed
bed_extrabednumber;Number of extra beds;Anzahl Zustellbetten;Nombre lits supplémentaires;Numero letti supplementari;number;bed
bed_extrabedspace;Space for extra bed;Platz für Zustellbett;Espace pour lit supplémentaire;Spazio per letto supplementare;boolean;bed
bed_foldupbed;Fold-up bed;Klappbares Bett;Lit pliant;Letto basculante;boolean;bed
bed_kingsizebed;King-size bed;Kingsize-Bett;Lit king-size;Letto king-size;boolean;bed
bed_queensizebed;Queen-size bed;Queensize-Bett;Lit queen size;Letto queen-size;boolean;bed
bed_single;Single bed;Einzelbett;Lit simple;Letto singolo;boolean;bed
bed_sofabed;Sofa-bed;Schlafsofa;Canapé-lit;Divano letto;boolean;bed
bed_twinbeds;Twin beds;Twin-Betten;Lits jumeaux;Letti gemelli;boolean;bed
breakfast_alacarte;À la carte breakfast;À la carte Frühstück;Petit-déjeuner à la carte;Colazione à la carte;boolean;breakfast
breakfast_american;American breakfast;Amerikanisches Frühstück;Petit-déjeuner américain;Colazione americana;boolean;breakfast
breakfast_asian;Asian breakfast;Asiatisches Frühstück;Petit-déjeuner asiatique;Colazione asiatica;boolean;breakfast
breakfast_buffet;Breakfast buffet;Frühstücksbuffet;Buffet de petit-déjeuner;Colazione a buffet;boolean;breakfast
breakfast_continental;Continental breakfast;Kontinentales Frühstück;Petit-déjeuner continental;Colazione continentale;boolean;breakfast
breakfast_englishirish;English breaktfast;Englisches Frühstück;Petit-déjeuner anglais;Colazione all’inglese;boolean;breakfast
breakfast_glutenfree;Gluten-free breakfast;Glutenfreies Frühstück;Petit-déjeuner sans gluten;Colazione senza glutine;boolean;breakfast
breakfast_halal;Halal breakfast;Halal Frühstück;Petit-déjeuner halal;Colazione Halal;boolean;breakfast
breakfast_italian;Italian breakfast;Italienisches Frühstück;Petit-déjeuner italien;Colazione all’italiana;boolean;breakfast
breakfast_kosher;Kosher breakfast;Koscheres Frühstück;Petit-déjeuner casher;Colazione kosher;boolean;breakfast
breakfast_togo;Breakfast to go;Frühstück zum Mitnehmen;Petit-déjeuner à emporter;Colazione da asporto;boolean;breakfast
breakfast_vegan;Vegan breakfast;Veganes Frühstück;Petit-déjeuner végane;Colazione vegana;boolean;breakfast
breakfast_vegetarian;Vegetarian breakfast;Vegetarisches Frühstück;Petit-déjeuner végétarien;Colazione vegetariana;boolean;breakfast
building_built;Built;Erbaut;Construit;Costruito;number;building
building_floors;Floors;Stockwerke;Étages;Piani;number;building
building_renovated;Renovated;Renoviert;Rénové;Ristrutturato;number;building
characteristics_adultsonly;Adults-only;Adults-only;Adults-only;Adults-only;boolean;characteristics
characteristics_airporthotel;Airport Hotel;Flughafenhotel;Hôtel de l’aéroport;Hotel Aeroporto;boolean;characteristics
characteristics_assistancedogswelcome;Assistance dogs welcome;Assistenzhunde willkommen;Les chiens d’assistance sont les bienvenus;I cani da assistenza sono i benvenuti;boolean;characteristics
characteristics_disabilityfriendly;Disability friendly;Behindertengerecht;Adapté aux personnes à mobilité réduite;A misura di persona per disabili;boolean;characteristics
characteristics_familyfriendly;Family friendly;Familienfreundlich;Adapté aux familles;Adatto alle famiglie;boolean;characteristics
characteristics_lgbtqfriendly;LGBTQ friendly;LGBTQ friendly;LGBTQ friendly;LGBTQ friendly;boolean;characteristics
characteristics_mountainhotel;Mountain Hotel;Hotel in den Bergen;Hôtel de montagne;Hotel di montagna;boolean;characteristics
characteristics_nonsmoking;Non-smoking accommodation;Nichtraucher-Unterkunft;Hébergement non-fumeur;Alloggio per non fumatori;boolean;characteristics
characteristics_nopetsallowed;No pets allowed;Haustiere sind nicht erlaubt;Animaux interdits;Non sono ammessi animali domestici;boolean;characteristics
characteristics_petfriendly;Pet friendly;Haustierfreundlich;Animaux acceptés;Animali ammessi;boolean;characteristics
characteristics_urbanhotel;Urban Hotel;Stadthotel;Hôtel Urbain;Albergo Urbano;boolean;characteristics
characteristics_vineyard;Vineyard;Weinberg;Vignoble;Vigna;boolean;characteristics
entertainment_arcadegamingroom;Arcade/gaming room;Spielhalle/Spielzimmer;Salle d’arcade/de jeux;Sala giochi/sala giochi;boolean;entertainment
entertainment_banquethall;Banquet hall;Bankettsaal;Salle de banquet;Sala banchetti;boolean;entertainment
entertainment_casino;Casino;Casino;Casino;Casinò;boolean;entertainment
entertainment_childcareservice;Childcare service;Kinderbetreuung;Service de garde d’enfants;Servizio di assistenza all'infanzia;boolean;entertainment
entertainment_cinema;Cinema;Kino;Cinéma;Cinema;boolean;entertainment
entertainment_dailynewspaperinthelobby;Daily newspaper in the lobby;Tageszeitung in der Lobby;Journal quotidien dans le hall;Quotidiano nella hall;boolean;entertainment
entertainment_disco;Disco;Disco;Discothèque;Discoteca;boolean;entertainment
entertainment_entertainmentprogramme;Entertainment programme;Unterhaltungsprogramm;Programme d’animation;Programma d'intrattenimento;boolean;entertainment
entertainment_golfdesk;Golf desk;Golf Desk;Bureau de golf;Scrivania da golf;boolean;entertainment
entertainment_kidsclub;Kids' club;Kinderclub;Club enfants;Club per bambini;boolean;entertainment
entertainment_kidsdisco;Kids' disco;Kinderdisco;Discothèque pour enfants;Discoteca per bambini;boolean;entertainment
entertainment_library;Library;Bibliothek;Bibliothèque;Biblioteca;boolean;entertainment
entertainment_livemusic;Live music;Live-Musik;Musique live;Musica dal vivo;boolean;entertainment
entertainment_newspaperstand;Newspaper stand;Zeitungskiosk;Kiosque à journaux;Edicola;boolean;entertainment
entertainment_nightclub;Nightclub;Nightclub;Boîte de nuit;Locale notturno;boolean;entertainment
entertainment_pharmacy;Pharmacy;Apotheke;Pharmacie;Farmacia;boolean;entertainment
entertainment_playground;Playground;Spielplatz;Terrain de jeu;Parco giochi;boolean;entertainment
entertainment_playroom;Playroom;Spielzimmer;Salle;Ludoteca;boolean;entertainment
entertainment_programmeadults;Entertainment programme for adults;Animationsprogramm für Erwachsene;Programme d’animation pour adultes;Programma d'intrattenimento per adulti;boolean;entertainment
entertainment_programmechildren;Entertainment programme for children;Animationsprogramm für Kinder;Programme d’animation pour les enfants;Programma di animazione per bambini;boolean;entertainment
entertainment_shoppingcentre;Shopping centre;Einkaufszentrum;Centre commercial;Centro commerciale;boolean;entertainment
entertainment_shops;Shops;Shops;Magasins;Negozi;boolean;entertainment
entertainment_souvenirshop;Souvenir shop;Souvenirshop;Boutique;Souvenir;boolean;entertainment
entertainment_stage;Stage;Bühne;Scène;Palcoscenico;boolean;entertainment
entertainment_supermarket;Supermarket;Supermarkt;Supermarché;Supermercato;boolean;entertainment
entertainment_tablefootball;Tablefootball;Tischfussball;Babyfoot;Calcio balilla;boolean;entertainment
entertainment_theatrehall;Theatre hall;Theatersaal;Salle de théâtre;Sala teatrale;boolean;entertainment
entertainment_tourdesk;Tour desk;Tour Desk;Bureau d’excursions;Banco;boolean;entertainment
entertainment_tvroom;TV room;TV-Raum;Salle de télévision;Sala TV;boolean;entertainment
entertainment_waterslides;Water slides;Wasserrutschen;Toboggans aquatiques;Scivoli d'acqua;boolean;entertainment
entertainment_waterslidesmaxlength;Maximum length of the water slides;Maximale Länge der Wasserrutschen;Longueur maximale des toboggans aquatiques;Lunghezza massima degli scivoli d'acqua;number;entertainment
entertainment_waterslidesnumber;Number of water slides;Anzahl der Wasserrutschen;Nombre de toboggans aquatiques;Numero di scivoli d'acqua;number;entertainment
events_aircon;Airconditioning in meetingroom;Klimaanlage in Meetingraum;Climatisation dans la salle de réunion;Aria condizionata nella sala riunioni;boolean;events
events_apero;Seating Aperitif;Bestuhlung Apéro;Sièges Apéritif;Aperitivo;number;events
events_areainm2;Area;Fläche;Surface;Superficie;number;events
events_areainm2totaleventarea;Total area event area;Gesamtfläche Veranstaltungsbereich;Superficie totale de l'événement;Area totale dell'evento;number;events
events_banquetrectangular;Seating Banquet rectangular;Bestuhlung Bankett rechteckig;Sièges Banquet rectangulaire;Banchetti rettangolare;number;events
events_banquetround;Seating Banquet round;Bestuhlung Bankett rund;Sièges Banquet cercle;Banchetti cerchio;numberrange;events
events_beamer;Beamer/Screen available in the room;Beamer/Screen im Raum vorhanden;Beamer/Screen disponible dans la salle;Beamer/Screen disponibile in camera;boolean;events
events_block;Seating Block;Bestuhlung Block;Sièges Bloc;Blocco;number;events
events_businesscentre;Business centre;Business-Center;Centre d’affaires;Centro d'affari;boolean;events
events_concerttheater;Seating Concert/theater;Bestuhlung Konzert/Theater;Sièges Concert/théâtre;Concerto/teatro;numberrange;events
events_conferenceroom;Conference room;Konferenzraum;Salle de conférence;Sala conferenze;boolean;events
events_conventionservices;Convention services;Convention Services;Services de congrès;Servizi congressuali;boolean;events
events_coworkingspace;Co-working space;Co-Working-Space;Espace de co-working;Spazio di co-working;boolean;events
events_darkening;Darkening possible;Abdunklung möglich;Obscurcissement possible;Oscuramento possibile;boolean;events
events_daylight;Daylight;Tageslicht;Lumière du jour;Luce del giorno;boolean;events
events_flipchartandpens;Flip chart and pens available in the room;Flipchart und Stifte im Raum vorhanden;Paperboard et stylos disponibles dans la salle;Lavagna a fogli mobili e penne disponibile in sala;boolean;events
events_hotelbuyout;Hotel Buyout;Hotel Buyout;Hotel Buyout;Hotel Buyout;boolean;events
events_meetingowl;Meeting Owl on request;Meeting Owl auf Anfrage;Meeting Owl sur demande;Meeting Owl su richiesta;boolean;events
events_meetingroomequipment;Meeting room equipment;Ausstattung des Tagungsraums;Equipement de la salle de réunion;Attrezzature per sale riunioni;boolean;events
events_microphone;Microphone on request;Mikrofon auf Anfrage;Microphone sur demande;Microfono su richiesta;boolean;events
events_numberofmeetingrooms;Number of rooms Meetings & Convention;Anzahl Räume Meetings & Convention;Nombre de salles Meetings & Convention;Numero di stanze Meetings & Convention
34 / 5.000
Numero di sale Meetings & Convention;number;events
events_numberofpersontotaleventarea;Total number of people for entire event area;Gesamtanzahl Personen für gesamten Veranstaltungsbereich;Nombre total de personnes pour toute la zone de l'événement;Numero totale di persone per l'intera area dell'evento;number;events
events_photocopier;Photocopier;Fotokopierer;Photocopieur;Fotocopiatrice;boolean;events
events_presentationcase;Presentation case available in the room;Präsentationskoffer im Raum vorhanden;Mallette de présentation disponible dans la salle;Custodia di presentazione disponibile in camera;boolean;events
events_roomheight;Room height;Raumhöhe;Hauteur de la pièce;Altezza della stanza;number;events
events_secretarialservice;Secretarial service;Sekretariatsservice;Service de secrétariat;Servizio di segreteria;boolean;events
events_seminar;Seating Seminar;Bestuhlung Seminar;Sièges Séminaire;Seminario;numberrange;events
events_simultaneoussystem;Simultaneous system on request;Simultananlage auf Anfrage;Système simultané sur demande;Sistema simultaneo su richiesta;boolean;events
events_specialvenue;Unique locations;Einzigartige Lokalitäten;Emplacements uniques;Luogo speciale;boolean;events
events_symbolicceremony;Symbolic ceremony possible in the hotel;Symbolische Zeremonie im Hotel möglich;Cérémonie symbolique possible à l'hôtel;Cerimonia simbolica possibile in hotel;boolean;events
events_translationservices;Translation services;Übersetzungsdienstleistungen;Services de traduction;Servizi di traduzione;boolean;events
events_ushape;Seating U-shape;Bestuhlung U-Form;Sièges en forme de U;A forma di U;number;events
events_weddinghotel;Weddings possible in the hotel;Hochzeiten im Hotel möglich;Mariages possibles à l'hôtel;Matrimoni possibili in hotel;boolean;events
events_wifi;WiFi;WiFi;Connexion Wi-Fi;Connessione Wi-Fi;boolean;events
events_workshop;Seating Workshop;Bestuhlung Workshop;Sièges Workshop;Workshop;number;events
food_alcoholfreedrinks;Alcohol-free drinks;Alkoholfreie Getränke;Boissons sans alcool;Bevande analcoliche;boolean;food
food_alcoholicdrinks;Alcoholic drinks;Alkoholische Getränke;Boissons alcoolisées;Bevande alcoliche;boolean;food
food_allinclusive;All-inclusive;All-inclusive;Tout compris;All inclusive;boolean;food
food_babychair;Baby chair;Kinderstuhl;Chaise bébé;Seggiolone per bambini;boolean;food
food_babyfood;Baby food;Babynahrung;Aliments pour bébés;Pappa;boolean;food
food_bar;Bar;Bar;Bar;Bar;boolean;food
food_barbecuearea;Barbecue area;Grillplatz;Espace barbecue;Area barbecue;boolean;food
food_barlounge;Bar/lounge;Bar/Lounge;Bar/salon;Bar/lounge;boolean;food
food_bedandbreakfast;Bed & breakfast;Übernachtung mit Frühstück;Chambres d’hôtes;Pernottamento e prima colazione;boolean;food
food_breakfastroom;Breakfast room;Frühstücksraum;Salle de petit-déjeuner;Sala colazioni;boolean;food
food_brunch;Brunch;Brunch;Brunch;Brunch;boolean;food
food_cafe;Café;Café;Café;Caffè;boolean;food
food_cateringfree;Catering company freely selectable;Cateringfirma frei wählbar;Entreprise de restauration librement sélectionnable;Azienda di catering selezionabile liberamente;boolean;food
food_cateringinhouse;In-house catering;Hauseigenes Catering;Restauration sur place;Ristorazione interna;boolean;food
food_cateringown;Own catering possible upon request;Eigenes Catering nach Absprache möglich;Restauration propre possible sur demande;Possibilità di catering proprio su richiesta;boolean;food
food_childrensmeals;Children's meals;Mahlzeiten für Kinder;Repas pour enfants;Pasti per bambini;boolean;food
food_coffeemachine;Coffee machine;Kaffeemaschine;Machine à café;Macchina da caffè;boolean;food
food_coffeeteainpublicarea;Coffee/tea in public area;Kaffee/Tee im öffentlichen Bereich;Café/thé dans l’espace public;Caffè/tè nelle aree comuni;boolean;food
food_couplesprivatedining;Private Dining;Private Dining;Dîner privé;Cene private;boolean;food
food_dietmeals;Diet meals;Diät-Mahlzeiten;Repas diététiques;Menù;boolean;food
food_diningroom;Dining room;Esszimmer;Salle à manger;Sala da pranzo;boolean;food
food_dinner;Dinner;Abendessen;Dîner;Cena;boolean;food
food_drinksincluded;Drinks included;Getränke inklusive;Boissons comprises;Bevande incluse;boolean;food
food_drinksmachine;Drinks machine;Getränkeautomat;Machine à boissons;Distributore automatico di bevande;boolean;food
food_electrickettle;Electric kettle;Wasserkocher;Bouilloire électrique;Bollitore elettrico;boolean;food
food_foodcombining;Food combining;Trennkost;Combinaison d’aliments;Abbinamenti alimentari;boolean;food
food_fridge;Fridge;Kühlschrank;Frigo;Frigorifero;boolean;food
food_fullboard;Full board;Vollpension;Pension complète;Pensione completa;boolean;food
food_glutenfreemeals;Gluten-free meals;Glutenfreie Mahlzeiten;Repas sans gluten;Pasti senza glutine;boolean;food
food_halalmeals;Halal meals;Halal-Mahlzeiten;Repas halal;Pasti halal;boolean;food
food_halfboard;Half board;Halbpension;Demi-pension;Mezza pensione;boolean;food
food_internationalbrands;International brands;Internationale Marken;Marques internationales;Marchi internazionali;boolean;food
food_kitchen;Kitchen;Küche;Cuisine;Cucina;boolean;food
food_kitchenette;Kitchenette;Kochnische;Cuisinette;Cucinino;boolean;food
food_koshermeals;Kosher meals;Koschere Mahlzeiten;Repas casher;Pasti kosher;boolean;food
food_lactosefreemeals;Lactose-free meals;Laktosefreie Mahlzeiten;Repas sans lactose;Pasti senza lattosio;boolean;food
food_livecooking;Live cooking;Live-Kochen;Cuisine en direct;Cucina dal vivo;boolean;food
food_lobbybar;Lobby bar;Lobby-Bar;Bar dans le hall;Bar della hall;boolean;food
food_lunch;Lunch;Mittagessen;Déjeuner;Pranzo;boolean;food
food_minibar;Minibar;Minibar;Minibar;Minibar;boolean;food
food_organicfood;Organic food;Bio-Lebensmittel;Aliments biologiques;Bioalimento;boolean;food
food_ownbrands;Own brands;Eigenmarken;Marques propres;Marchi propri;boolean;food
food_panoramarestaurant;Panorama restaurant;Panorama-Restaurant;Restaurant panoramique;Ristorante panoramico;boolean;food
food_pianobar;Piano bar;Piano-Bar;Piano-bar;Piano bar;boolean;food
food_picnic;Picnic;Picknick;Pique-;Picnic;boolean;food
food_picnicarea;Picnic area;Picknickplatz;Zone de pique-nique;Area picnic;boolean;food
food_pub;Pub;Kneipe;Bar;Pub;boolean;food
food_refrigerator;Refrigerator;Kühlschrank;Réfrigérateur;Frigorifero;boolean;food
food_restaurant;Restaurant;Restaurant;Restaurant;Ristorante;boolean;food
food_restaurantwithaterrace;Restaurant with a terrace;Restaurant mit Terrasse;Restaurant avec terrasse;Ristorante con terrazza;boolean;food
food_roomservice;Room service;Zimmerservice;Service en chambre;Servizio in camera;boolean;food
food_snackbar;Snack bar;Snack Bar;Snack-bar;Tavola calda;boolean;food
food_snacks;Snacks;Snacks;Collations;Snack;boolean;food
food_teacoffeestation;Tea/Coffee station;Tee-/Kaffeestation;Station de thé/café;Stazione tè/caffè;boolean;food
food_veganmeals;Vegan meals;Vegane Mahlzeiten;Repas végétaliens;Pasti vegani;boolean;food
food_vegetarianmeals;Vegetarian meals;Vegetarische Mahlzeiten;Repas végétariens;Pasti vegetariani;boolean;food
food_vendingmachine;Vending machine;Verkaufsautomat;Distributeur automatique;Distributore automatico;boolean;food
food_waterdispenser;Water dispenser;Wasserspender;Distributeur d’eau;Distributore d'acqua;boolean;food
food_welcomedrink;Welcome drink;Begrüssungsgetränk;Apéritif de bienvenue;Drink di benvenuto;boolean;food
food_wholeunprocessedfoods;Whole/Unprocessed foods;Vollwertige/unverarbeitete Lebensmittel;Aliments entiers/non transformés;Alimenti integrali/non trasformati;boolean;food
furnishing_airconditioning;Air conditioning;Klimaanlage;Climatisation;Climatizzazione;boolean;furnishing
furnishing_carpetedfloor;Carpeted floor;Teppichboden;Moquette au sol;Pavimento in moquette;boolean;furnishing
furnishing_changingcubicles;Changing rooms;Umkleidekabinen;Cabines de change;Cabine di cambio;boolean;furnishing
furnishing_cleaningproducts;Cleaning products;Reinigungsmittel;Produits d’entretien;Prodotti per la pulizia;boolean;furnishing
furnishing_desk;Desk;Schreibtisch;Bureau;Scrivania;boolean;furnishing
furnishing_fireplace;Fireplace;Kamin;Foyer;Caminetto;boolean;furnishing
furnishing_heating;Heating;Heizung;Chauffage;Riscaldamento;boolean;furnishing
furnishing_interconnectingroomsavailable;Interconnecting rooms available;Zimmer mit Verbindungstür verfügbar;Chambres communicantes disponibles;Disponibilità di camere comunicanti;boolean;furnishing
furnishing_livingroomarea;Living room/area;Wohnzimmer/-bereich;Salon/espace;Soggiorno/area;boolean;furnishing
furnishing_lockers;Lockers;Schliessfächer;Casiers;Armadietti;boolean;furnishing
furnishing_lounge;Lounge;Lounge;Salon;Salotto;boolean;furnishing
furnishing_minifridge;Mini fridge;Mini-Kühlschrank;Mini-frigo;Mini frigo;boolean;furnishing
furnishing_parquetfloor;Parquet floor;Parkettboden;Parquet;Parquet;boolean;furnishing
furnishing_roomcabinsafe;Room/Cabin safe;Zimmer-/Kabinensafe;Coffre-fort de la chambre/cabine;Cassaforte in camera/cabina;boolean;furnishing
furnishing_sizeinsqm;Size in sqm;Grösse in m²;Taille en m²;Dimensione in mq;number;furnishing
furnishing_smokingrooms;Smoking rooms;Raucherzimmer;Chambres fumeurs;Camere fumatori;boolean;furnishing
furnishing_sofa;Sofa;Sofa;Canapé;Sofà;boolean;furnishing
furnishing_wheelchairaccessiblerooms;Wheelchair accessible rooms;Barrierefreie Zimmer;Chambres accessibles en fauteuil roulant;Camere accessibili con sedia a rotelle;boolean;furnishing
furnishing_wifi;WiFi;WiFi;Connexion Wi-Fi;Connessione Wi-Fi;boolean;furnishing
general_airconinaccommodation;Air conditioning in the accommodation;Klimaanlage in der Unterkunft;Climatisation dans le logement;Aria condizionata nell'alloggio;boolean;general
general_airportshuttle;Airport Shuttle;Flughafen-Shuttle;Navette;Navetta per l'aeroporto;boolean;general
general_alarmcallservice;Alarm call service;Alarmruf-Service;Service d’appel d’alarme;Servizio di chiamata di allarme;boolean;general
general_babybed;Baby bed;Babybett;Lit bébé;Lettino per bambini;boolean;general
general_babysittingservice;Babysitting service;Babysitter-Service;Service de garde d’enfants;Servizio di babysitter;boolean;general
general_baggagestorageservice;Baggage storage service;Gepäckaufbewahrung;Service de stockage des bagages;Servizio di deposito bagagli;boolean;general
general_bicyclehire;Bicycle hire;Fahrradverleih;Location de vélos;Noleggio biciclette;boolean;general
general_bicyclestoragearea;Bicycle storage area;Abstellraum für Fahrräder;Local à vélos;Area deposito biciclette;boolean;general
general_breakfastfromuntil;Breakfast time;Frühstückszeit;l'heure du déjeuner;Ora di colazione;timerange;general
general_busparking;Busparking;Busparkplatz;Stationnement des autobus;Parcheggio per autobus;boolean;general
general_carhire;Car hire;Autovermietung;Location de voiture;Autonoleggio;boolean;general
general_carpark;Car park;Parkplatz;Parking;Parcheggio;boolean;general
general_cashmachine;Cash machine;Geldautomat;Distributeur automatique de billets;Bancomat;boolean;general
general_chargingstationelectricvehicles;Charging station for electric vehicles;Ladestation für Elektrofahrzeuge;Borne de recharge pour véhicules électriques;Stazione di ricarica per veicoli elettrici;boolean;general
general_checkinoutservice;Check-in/-out service;Check-in/-out-Service;Service d’arrivée/départ;Servizio di check-in/-out;boolean;general
general_conciergeservice;Concierge service;Concierge-Service;Service de conciergerie;Servizio di portineria;boolean;general
general_drycleaninglaundryservice;Dry Cleaning/Laundry service;Chemische Reinigung/Wäscheservice;Service de nettoyage à sec/blanchisserie;Servizio di lavanderia/lavaggio a secco;boolean;general
general_garage;Garage;Garage;Garage;Garage;boolean;general
general_goodslift;Goods lift;Warenlift;Monte-charge;Montacarichi;boolean;general
general_highchairforchildren;Highchair for children;Hochstuhl für Kinder;Chaise haute pour enfants;Seggiolone per bambini;boolean;general
general_hoteldoctor;Hotel doctor;Hotelarzt;Médecin de l’hôtel;Medico dell'hotel;boolean;general
general_hotelsafe;Hotel safe;Hotelsafe;Coffre-fort de l’hôtel;Cassaforte dell'hotel;boolean;general
general_hourfrontdesk;24-hour front desk;24-Stunden-Rezeption;Réception 24 heures sur 24;Reception aperta 24 ore su 24;boolean;general
general_illuminatedentrancearea;Illuminated entrance area;Beleuchteter Eingangsbereich;Zone d’entrée éclairée;Area d'ingresso illuminata;boolean;general
general_laundryservice;Laundry service;Wäscheservice;Service de blanchisserie;Servizio lavanderia;boolean;general
general_lift;Lift;Lift;Lever;Ascensore;boolean;general
general_limousineservice;Limousine service;Limousinenservice;Service de limousine;Servizio limousine;boolean;general
general_lobby;Lobby;Lobby;Lobby;Atrio;boolean;general
general_lounge;Lounge;Lounge;Salon;Salotto;boolean;general
general_medicalassistance;Medical assistance;Medizinische Hilfe;Assistance médicale;Assistenza medica;boolean;general
general_multilingualstaff;Multilingual staff;Mehrsprachiges Personal;Personnel multilingue;Personale multilingue;boolean;general
general_outdoorfurniture;Outdoor furniture;Gartenmöbel;Mobilier d’extérieur;Mobili da esterno;boolean;general
general_parking;Parking;Parken;Parking;Parcheggio;boolean;general
general_parkinglots;Number of parking lots;Anzahl Parkplätze;Nombre d'aires de stationnement;Numero di parcheggi;number;general
general_pcstation;PC station;PC-Station;Station PC;Postazione PC;boolean;general
general_precheckin;Pre-check-in;Pre-check-in;Pre-check-in;Pre-check-in;boolean;general
general_publicwashrooms;Public washrooms;Öffentliche Waschräume;Toilettes publiques;Bagni pubblici;boolean;general
general_readingroom;Reading room;Lesesaal;Salle de lecture;Sala lettura;boolean;general
general_reception;Reception;Empfang;Réception;Ricevimento;boolean;general
general_receptionfromuntil;Reception hours;Öffnungszeiten der Rezeption;Horaires de réception;Orari di ricevimento;timerange;general
general_roofterrace;Roof terrace;Dachterrasse;Toit;Terrazza sul tetto;boolean;general
general_roomservicefromuntil;Room service time;Zimmerservice Zeiten;Temps de service en chambre;Orario del servizio in camera;timerange;general
general_selfcheckin;Self-check-in;Self-check-in;Self-check-in;Self-check-in;boolean;general
general_shuttletransferservice;Shuttle/ transfer service;Shuttle-/Transferservice;Service de navette / transfert;Servizio navetta/transfer;boolean;general
general_smokealarm;Smoke alarm;Rauchmelder;Détecteur de fumée;Rilevatore di fumo;boolean;general
general_smokingarea;Smoking area;Raucherbereich;Zone fumeur;Fumatori;boolean;general
general_spokenlanguages;Spoken languages;Gesprochene Sprachen;Langues parlées;Lingue parlate;list;general
general_transferservice;Transfer service;Transfer-Service;Service de transfert;Servizio transfer;boolean;general
general_tumbledryer;Tumble dryer;Wäschetrockner;Sèche-linge;Asciugatrice;boolean;general
general_valetparking;Valet parking;Valet Parking;Voiturier;Parcheggio;boolean;general
general_washingmachine;Washing machine;Waschmaschine;Machine à laver;Lavatrice;boolean;general
general_wifi;WiFi;WiFi;Connexion Wi-Fi;Connessione Wi-Fi;boolean;general
location_attheedgeoftown;At the edge of town;Am Rande der Stadt;À la périphérie de la ville;Ai margini della città;boolean;location
location_carfreelocation;Car-free location;Autofreie Lage;Emplacement sans voiture;Posizione senza auto;boolean;location
location_centrallocation;Central location;Zentrale Lage;Emplacement central;Posizione centrale;boolean;location
location_distanceairport;Distance airport;Entfernung Flughafen;Distance aéroport;Distanza aeroporto;number;location
location_distancebarspubs;Distance bars/pubs;Entfernung Bars/Pubs;Distance bars/pubs;Distanza bar/pub;number;location
location_distancebusstation;Distance bus station;Entfernung Busbahnhof;Distance gare routière;Distanza stazione degli autobus;number;location
location_distancecitycentre;Distance city centre;Entfernung Stadtzentrum;Distance centre-ville;Distanza dal centro città;number;location
location_distanceclub;Distance club;Entfernung Club;Club de distance;Club di distanza;number;location
location_distancecrosscountryskitrail;Distance cross-country ski trail;Entfernung Langlaufloipe;Distance piste de ski de fond;Distanza pista da sci di fondo;number;location
location_distanceforest;Distance forest;Entfernung Wald;Distance forêt;Foresta di distanza;number;location
location_distancegolfcourse;Distance golf course;Entfernung Golfplatz;Distance terrain de golf;Campo da golf a distanza;number;location
location_distancehospital;Distance hospital;Entfernung Krankenhaus;Hôpital à distance;Ospedale a distanza;number;location
location_distancelake;Distance lake;Entfernung See;Lac de distance;Distanza lago;number;location
location_distancepark;Distance park;Entfernung Park;Parc de distance;Distanza parco;number;location
location_distancepharmacy;Distance pharmacy;Entfernung Apotheke;Pharmacie à distance;Farmacia a distanza;number;location
location_distanceplayground;Distance playground;Entfernung Spielplatz;Distance du terrain de jeu;Distanza dal parco giochi;number;location
location_distancepublictransport;Distance public transport;Entfernung öffentlicher Verkehr;Distance transports en commun;Distanza dei trasporti pubblici;number;location
location_distancerestaurants;Distance restaurants;Entfernung Restaurants;Restaurants à distance;Distanza ristoranti;number;location
location_distanceriver;Distance river;Entfernung Fluss;Distance rivière;Distanza fiume;number;location
location_distanceshops;Distance Shops;Entfernung Shops;Magasins à distance;Negozi a distanza;number;location
location_distanceskilift;Distance ski lift;Entfernung Skilift;Distance remontées mécaniques;Distanza impianto di risalita;number;location
location_distanceskiresort;Distance ski resort;Entfernung Skigebiet;Distance station de ski;Distanza stazione sciistica;number;location
location_distancetoskislope;Distance to skislope;Entfernung Skipiste;Distance à la piste de ski;Distanza dalla pista da sci;number;location
location_distancetouristcenter;Distance tourist center;Entfernung touristisches Zentrum;Centre touristique à distance;Distanza centro turistico;number;location
location_distancetrainstation;Distance train station;Entfernung Bahnhof;Distance gare;Distanza stazione ferroviaria;number;location
location_livelylocation;Lively location;Belebte Lage;Emplacement animé;Posizione vivace;boolean;location
location_locatedonamainroad;Located on a main road;Das Hotel liegt an einer Hauptstrasse;Situé sur une route principale;Situato su una strada principale;boolean;location
location_neariver;Near river;In der Nähe des Flusses;Près de la rivière;Vicino al fiume;boolean;location
location_nearlake;Near lake;In der Nähe des Sees;Près du lac;Vicino al lago;boolean;location
location_oldtown;Old town;Altstadt;Vieille ville;Città vecchia;boolean;location
location_outside;Remote;Abgelegen;Éloigné;Remoto;boolean;location
location_quietlocation;Quiet location;Ruhige Lage;Endroit calme;Posizione tranquilla;boolean;location
location_reachableonlyonfoot;Reachable only on foot;nur zu Fuss erreichbar;Accessible uniquement à pied;Raggiungibile solo a piedi;boolean;location
location_rurallocation;Rural location;Ländliche Lage;Situation rurale;Località rurale;boolean;location
media_telephone;Telephone;Telefon;Téléphone;Telefono;boolean;media
media_tv;TV;TV;TÉLÉ;TV;boolean;media
outdoor_camping;Camping;Camping;Camping;Campeggio;boolean;outdoor
outdoor_changingrooms;Changing rooms;Umkleidekabinen;Vestiaires;Spogliatoi;boolean;outdoor
outdoor_deckchairs;Deckchair;Liegestuhl;Chaise longue;Sedia a sdraio;boolean;outdoor
outdoor_deckchairsrental;Deckchair rental;Vermietung von Liegestühlen;Location de chaises longues;Noleggio di sedie a sdraio;boolean;outdoor
outdoor_garden;Garden;Garten;Jardin;Giardino;boolean;outdoor
outdoor_gazebopavillon;Gazebo/Pavillon;Pavillon;Gazebo/Pavillon;Gazebo/Padiglione;boolean;outdoor
outdoor_nudityzone;Nudity zone;Nacktheitszone;Zone de nudité;Zona di nudità;boolean;outdoor
outdoor_parasolsatthepool;Parasols at the pool;Sonnenschirme am Pool;Parasols à la piscine;Ombrelloni in piscina;boolean;outdoor
outdoor_poolbar;Pool bar;Poolbar;Bar de la piscine;Bar a bordo piscina;boolean;outdoor
outdoor_sandybeach;Sand beach;Sandstrand;Plage de sable;Spiaggia di sabbia;boolean;outdoor
outdoor_shadowarea;Shadow area;Schattenbereich;Zone d'ombre;Area d'ombra;boolean;outdoor
outdoor_sunbathingarea;Sunbathing area;Liegewiese;Bain de soleil;Area prendisole;boolean;outdoor
outdoor_sunloungersatthepool;Sun loungers at the pool;Liegestühle am Pool;Chaises longues à la piscine;Lettini prendisole in piscina;boolean;outdoor
outdoor_sunterrace;Sun terrace;Sonnenterrasse;Terrasse;Terrazza soleggiata;boolean;outdoor
outdoor_terracebalcony;Terrace/Balcony;Terrasse/Balkon;Terrasse/Balcon;Terrazza/Balcone;boolean;outdoor
outdoor_waterpark;Water park;Wasserpark;Parc aquatique;Parco acquatico;boolean;outdoor
outdoor_waterslide;Waterslide;Wasserrutsche;Glissade d’eau;Acquascivolo;boolean;outdoor
pool_coldwater;Cold water pool;Kaltwasserbecken;Piscine d'eau froide;Piscina con acqua fredda;boolean;pool
pool_depthminmax;Pool depth;Tiefe des Pools;Profondeur du bassin;Profondità della piscina;number;pool
pool_divingplatform;Diving platform;Sprungturm;Plate-forme de plongée;Piattaforma di immersione;boolean;pool
pool_divingplatform10m;Diving platform (10m);Sprungturm (10m);Plate-forme de plongée (10m);Piattaforma per immersione (10m);number;pool
pool_divingplatform1m;Diving platform (1m);Sprungturm (1m);Plate-forme de plongée (1m);Piattaforma per immersione (1m);number;pool
pool_divingplatform2m;Diving platform (2m);Sprungturm (2m);Plate-forme de plongée (2m);Piattaforma per immersione (2m);number;pool
pool_divingplatform3m;Diving platform (3m);Sprungturm (3m);Plate-forme de plongée (3m);Piattaforma per immersione (3m);number;pool
pool_divingplatform5m;Diving platform (5m);Sprungturm (5m);Plate-forme de plongée (5m);Piattaforma per immersione (5m);number;pool
pool_flow;Pool with flow;Pool mit Strömung;Piscine à courant;Piscina con flusso;boolean;pool
pool_indoor;Indoor swimming pool;Hallenschwimmbad;Piscine couverte;Piscina coperta;boolean;pool
pool_lenghtminmax;Pool length;Länge des Beckens;Longueur de la piscine;Lunghezza della piscina;numberrange;pool
pool_massage;Massage pool;Massage Pool;Piscine de massage;Piscina per massaggi;boolean;pool
pool_mensonly;Swimming pool for men only;Schwimmbad nur für Männer;Piscine réservée aux hommes;Piscina per soli uomini;boolean;pool
pool_number;Number of swimming pools;Anzahl der Schwimmbecken;Nombre de piscines;Numero di piscine;number;pool
pool_openair;Outdoor swimming pool;Freibad;Piscine extérieure;Piscina all'aperto;boolean;pool
pool_paddling;Paddling pool;Planschbecken;Pataugeoire;Piscina per bambini;boolean;pool
pool_paddlingnumber;Number of paddling pool;Anzahl Planschbecken;Nombre de pataugeoires;Numero di piscine per bambini;number;pool
pool_saltwater;Salt water pool;Salzwasserbecken;Piscine d'eau salée;Piscina con acqua salata;boolean;pool
pool_swimminglanes;Swimming lanes;Schwimmbahnen;Couloirs de natation;Corsie di nuoto;boolean;pool
pool_thermal;Thermal spring pool;Thermalwasserbecken;Piscine thermale;Piscina termale;boolean;pool
pool_thermalindoor;Indoor thermal spring pool;Thermalhallenbad;Piscine thermale intérieure;Piscina termale coperta;boolean;pool
pool_thermalopenair;Outdoor thermal spring pool;Thermalfreibad;Piscine thermale extérieure;Piscina termale all'aperto;boolean;pool
pool_watertoys;Water toys;Wasserspielzeuge;Jouets d'eau;Giochi d'acqua;boolean;pool
pool_wave;Wave pool;Wellenbad;Piscine à vagues;Piscina a onde;boolean;pool
pool_whirl;Whirlpool;Whirlpool;Bain à remous;Idromassaggio;boolean;pool
pool_womensonly;Swimming pool for women only;Schwimmbad nur für Frauen;Piscine réservée aux femmes;Piscina per sole donne;boolean;pool
security_alarmswithstrobelights;Alarms with strobe lights;Alarme mit Stroboskoplicht;Alarmes avec lumières stroboscopiques;Allarmi con luci stroboscopiche;boolean;security
security_audiblealarms;Audible alarms;Akustische Alarme;Alarmes sonores;Allarmi acustici;boolean;security
security_automaticfirealarmsystem;Automatic fire alarm system;Automatische Brandmeldeanlage;Système d’alarme incendie automatique;Sistema di allarme antincendio automatico;boolean;security
security_automaticfiredoors;Automatic fire doors;Automatische Brandschutztüren;Portes coupe-feu automatiques;Porte tagliafuoco automatiche;boolean;security
security_automatictofiredepartment;Automatic connection to fire department;Automatische Verbindung zur Feuerwehr;Connexion automatique aux pompiers;Collegamento automatico ai vigili del fuoco;boolean;security
security_chlorinecontentmeasurements;Regular chlorine content measurements;Regelmässige Messungen des Chlorgehalts;Mesures régulières de la teneur en chlore;Misurazioni regolari del contenuto di cloro;boolean;security
security_compliancewithfireregulations;Compliance with fire regulations;Einhaltung der Brandschutzvorschriften;Respect de la réglementation incendie;Conformità alle normative antincendio;boolean;security
security_electricroomkeysystem;Electric room key system;Elektronisches Zimmerschlüsselsystem;Système de clé de chambre électrique;Sistema elettrico di chiavi della camera;boolean;security
security_elevatorwithautomaticrecall;Elevator with automatic recall;Aufzug mit automatischem Rückruf;Ascenseur avec rappel automatique;Elevatore con richiamo automatico;boolean;security
security_emergencyevacuationsignal;Emergency evacuation signal;Notfall-Evakuierungssignal;Signal d’évacuation d’urgence;Segnale di evacuazione di emergenza;boolean;security
security_emergencylights;Emergency lights;Notbeleuchtung;Éclairage de secours;Luci di emergenza;boolean;security
security_externalescapestaircases;External escape staircases;Externe Fluchttreppen;Escaliers de secours extérieurs;Scale di fuga esterne;boolean;security
security_firealarm;Fire alarm;Feuermelder;Alarme incendie;Allarme antincendio;boolean;security
security_firedetectorinthehallway;Fire detector in the hallway;Brandmelder im Flur;Détecteur d’incendie dans le couloir;Rilevatore di incendio nel corridoio;boolean;security
security_firedetectorsinpublicareas;Fire detectors in public areas;Brandmelder in öffentlichen Bereichen;Détecteurs d’incendie dans les espaces publics;Rivelatori d'incendio nelle aree pubbliche;boolean;security
security_fireextinguisherinhallway;Fire extinguisher in hallway;Feuerlöscher im Flur;Extincteur dans le couloir;Estintore nel corridoio;boolean;security
security_fireextinguishersinpublicareas;Fire extinguishers in public areas;Feuerlöscher in öffentlichen Bereichen;Extincteurs dans les espaces publics;Estintori nelle aree pubbliche;boolean;security
security_firstaidavailable;First aid available;Erste Hilfe verfügbar;Premiers soins disponibles;Pronto soccorso disponibile;boolean;security
security_firstaidensured;First aid ensured;Erste Hilfe sichergestellt;Premiers soins assurés;Primo soccorso assicurato;boolean;security
security_gstccertification;Global Sustainable Tourism Council (GSTC) certification;Zertifizierung durch den Global Sustainable Tourism Council (GSTC);Certification du Conseil mondial du tourisme durable (GSTC);Certificazione Global Sustainable Tourism Council (GSTC);boolean;security
security_haccpconcept;HACCP concept;HACCP-Konzept (Hygienekonzept im Bereich der Lebensmittelsicherheit und Gastronomie);Le concept HACCP;Concetto HACCP;boolean;security
security_hallwaysprinkler;Hallway sprinkler;Flur-Sprinkler;Arroseur de couloir;Irrigatore per corridoio;boolean;security
security_hardwiredsmokedetectors;Hardwired smoke detectors;Fest verdrahtete Rauchmelder;Détecteurs de fumée câblés;Rilevatori di fumo cablati;boolean;security
security_hourssecurityservice;24 hours security service;24-Stunden-Sicherheitsdienst;Service de sécurité 24 heures sur 24;Servizio di sicurezza 24 ore su 24;boolean;security
security_isocertification;ISO14001 certification;ISO14001 Zertifizierung;Certification ISO14001;ISO14001 certificazione;boolean;security
security_issuanceofkeycopies;Employee for issuance of key copies;Mitarbeiter für die Ausstellung von Schlüsselkopien;Employé pour la délivrance des copies clés;Dipendente per l'emissione delle copie delle chiavi;boolean;security
security_legalrailingheight;Legal railing height on balcony respected (100cm);Gesetzliche Geländerhöhe auf dem Balkon eingehalten (100cm);Hauteur légale du garde-corps sur balcon respectée (100cm);Altezza ringhiera legale sul balcone rispettata (100 cm);boolean;security
security_lifeguard;Lifeguard;Rettungsschwimmer;Sauveteur;Bagnino;boolean;security
security_loggingsecurityincidents;Logging of security incidents;Protokollierung von Sicherheitsvorfällen;Journalisation des incidents de sécurité;Registrazione degli incidenti di sicurezza;boolean;security
security_parkingareapatrolled;Parking area patrolled;Parkplatz patrouilliert;Aire de stationnement patrouillée;Parcheggio sorvegliato;boolean;security
security_parkingareawellilluminated;Parking area well illuminated;Parkplatz gut beleuchtet;Aire de stationnement bien éclairée;Parcheggio ben illuminato;boolean;security
security_proofoffireprotection;Proof of fire protection;Nachweis des Brandschutzes;Preuve de protection contre l’incendie;Prova di protezione antincendio;boolean;security
security_publicaddresssystem;Public address system;Lautsprecheranlage;Système de sonorisation;Sistema di diffusione sonora;boolean;security
security_publicliabilityinsurance;Public liability insurance;Betriebshaftpflichtversicherung;Assurance responsabilité civile;Assicurazione di responsabilità civile;boolean;security
security_regularevacuationexercises;Regular evacuation exercises;Regelmässige Evakuierungsübungen;Exercices d’évacuation réguliers;Esercitazioni regolari di evacuazione;boolean;security
security_regularfunctionaltestsfirealarm;Regular functional tests Fire alarm;Regelmässige Funktionsprüfungen Feueralarm;Tests fonctionnels réguliers Alarme incendie;Test funzionali regolari Allarme antincendio;boolean;security
security_regularhygienetraining;Regular hygiene training;Regelmässige Hygieneschulungen;Formation régulière à l’hygiène;Formazione regolare sull'igiene;boolean;security
security_regularlegionellasampling;Regular legionella sampling;Regelmässige Legionellen-Probenahme;Prélèvements réguliers de légionelles;Campionamento regolare della legionella;boolean;security
security_regulartemperaturechecks;Regular temperature checks;Regelmässige Temperaturkontrollen;Contrôles réguliers de la température;Controlli regolari della temperatura;boolean;security
security_rescueequipmentbythepool;Rescue equipment by the pool;Rettungsausrüstung am Pool;Matériel de sauvetage au bord de la piscine;Attrezzatura di salvataggio a bordo piscina;boolean;security
security_roomoutsidemainbuilding;Rooms/units outside the main building;Zimmer/Wohneinheiten ausserhalb des Hauptgebäudes;Chambres/unités à l’extérieur du bâtiment principal;Camere/unità abitative esterne all'edificio principale;boolean;security
security_securedfloors;Secured floors;Gesicherte Etagen;Étages sécurisés;Pavimenti protetti;boolean;security
security_separatefloorforwomen;Separate floor for women;Separater Flur für Frauen;Étage séparé pour les femmes;Pavimento separato per le donne;boolean;security
security_severalexitsoneachfloor;Several exits on each floor;Mehrere Ausgänge auf jeder Etage;Plusieurs sorties à chaque étage;Diverse uscite su ogni piano;boolean;security
security_smokedetectorinthehallway;Smoke detector in the hallway;Rauchmelder im Flur;Détecteur de fumée dans le couloir;Rilevatore di fumo nel corridoio;boolean;security
security_smokedetectorsinpublicareas;Smoke detectors in public areas;Rauchmelder in öffentlichen Bereichen;Détecteurs de fumée dans les espaces publics;Rilevatori di fumo nelle aree pubbliche;boolean;security
security_smokedetectortofirealarm;Fire/smoke detector connected to fire alarm system;Brand-/Rauchmelder an Brandmeldeanlage angeschlossen;Détecteur d’incendie/fumée connecté au système d’alarme incendie;Rilevatore di incendio/fumo collegato al sistema di allarme antincendio;boolean;security
security_sprinklersinpublicareas;Sprinklers in public areas;Sprinkler in öffentlichen Bereichen;Gicleurs dans les espaces publics;Irrigatori nelle aree pubbliche;boolean;security
security_stafftrainedincpr;Staff trained in Cardiopulmonary resuscitation;Personal geschult in Kardiopulmonaler Wiederbelebung;Personnel formé à la RCR;Personale addestrato alla rianimazione cardiopolmonare;boolean;security
security_stafftrainedinfirstaid;Staff trained in first aid;Erste Hilfe geschultes Personal;Personnel formé aux premiers secours;Personale addestrato al primo soccorso;boolean;security
security_supervisedparkingareaorgarage;supervised parking area or garage;bewachter Parkplatz oder Garage;Aire de stationnement ou garage surveillé;parcheggio custodito o garage;boolean;security
security_travelifesustainabilitycertification;Travelife sustainability certification;Nachhaltigkeitszertifizierung von Travelife;Certification de durabilité de Travelife;Certificazione di sostenibilità Travelife;boolean;security
security_uniformedsecurityguards;Uniformed security guards;Uniformiertes Sicherheitspersonal;Agents de sécurité en uniforme;Guardie di sicurezza in uniforme;boolean;security
security_ventilatedstairwells;Ventilated stairwells;belüftete Treppenhäuser;Cages d’escalier ventilées;Vani scala ventilati;boolean;security
security_videosurveillanceattheentrances;Video surveillance at the entrances;Videoüberwachung an den Eingängen;Vidéosurveillance aux entrées;Videosorveglianza agli ingressi;boolean;security
security_videosurveillanceinpublicareas;Video surveillance in public areas;Videoüberwachung in öffentlichen Bereichen;Vidéosurveillance dans les lieux publics;Videosorveglianza nelle aree pubbliche;boolean;security
security_videosurveillanceinthehallway;Video surveillance in the hallway;Videoüberwachung im Flur;Vidéosurveillance dans le couloir;Videosorveglianza nel corridoio;boolean;security
security_wellilluminatedexitlabeling;Well illuminated exit labeling;Gut ausgeleuchtete Ausgangsbeschriftung;Étiquetage de sortie bien éclairé;Etichettatura di uscita ben illuminata;boolean;security
security_wellilluminatedparkingareas;Well illuminated parking areas;Gut beleuchtete Parkplätze;Des parkings bien éclairés;Parcheggi ben illuminati;boolean;security
security_wellilluminatedpaths;Well illuminated paths;Gut beleuchtete Wege;Des allées bien éclairées;Sentieri ben illuminati;boolean;security
ski_skiequipmentstorage;Ski equipment storage;Abstellraum für Ski und Skiausrüstung;Stockage du matériel de ski;Deposito attrezzatura da sci;boolean;ski
ski_skipass;Ski pass;Skipass;Forfait;Skipass;boolean;ski
ski_skishuttle;Ski shuttle;Ski-Shuttle;Navette de ski;Skibus;boolean;ski
ski_skitours;Ski tour offer;Skitourenangebot;Offre de randonnées à ski;Offerta di scialpinismo;boolean;ski
sport_aerobics;Aerobic offer;Aerobic Angebot;Offre aérobic;L'aerobica offre;boolean;sport
sport_airhockey;Air hockey offer;Airhockey Angebot;Offre air hockey;Offerte per l'air hockey;boolean;sport
sport_aquafit;Aquafit offer;Aquafit Angebot;Aquafit offer;Offerte Aquafit;boolean;sport
sport_archery;Archery offer;Bogenschiessen Angebot;Offre de tir à l'arc;Tiro con l'arco;boolean;sport
sport_artificialicerink;Artificial ice rink;Kunsteisbahn in der Nähe;Patinoire artificielle;Pista di pattinaggio su ghiaccio artificiale;boolean;sport
sport_badminton;Badminton offer;Badminton Angebot;Offre de badminton;Offerta badminton;boolean;sport
sport_basketball;Basketball offer;Basketball Angebot;Offre de basket-ball;Offerta di pallacanestro;boolean;sport
sport_beachvolleyball;Beach volleyball offer;Beachvolleyball Angebot;Offre de beach-volley;Offerta di beach volley;boolean;sport
sport_bikerental;Bike rental;Bikeverleih;Location de vélos;Noleggio bici;boolean;sport
sport_bikestorage;Bike storage;Abstellraum für Bikes;Local à vélos;Deposito bici;boolean;sport
sport_billiards;Billiards offer;Billardtisch;Table de billard;Tavolo da biliardo;boolean;sport
sport_boatrental;Boat rental;Bootsverleih;Location de bateaux;Noleggio barche;boolean;sport
sport_boccia;Boccia offer;Boccia Angebot;Offre Boccia;Offerta di bocce;boolean;sport
sport_bowling;Bowling alley;Bowlingbahn;Bowling;Piste de bowling;boolean;sport
sport_callisthenics;Callisthenics offer;Kallisthenik Angebot;Offre de callisthénie;Offerta di callisthenics;boolean;sport
sport_canoeing;Canoeing offer;Kanusport Angebote;Offre de canoë;Offerta di canoa;boolean;sport
sport_canoerental;Canoe rental;Kanu-Verleih;Location de canoë;Noleggio canoe;boolean;sport
sport_chargingstationebikes;Charging stations for E-Bike;Ladestationen für E-Bikes;Bornes de recharge pour E-Bike;Stazioni di ricarica per E-Bike;boolean;sport
sport_crosscountryskiing;Cross-country skiing offer;Langlauf Angebote;Offres de ski de fond;Lo sci di fondo offre;boolean;sport
sport_curling;Curling offer;Curling Angebot;Offre de curling;Offerta Curling;boolean;sport
sport_darts;Darts;Darts;Fléchettes;Freccette;boolean;sport
sport_fishing;Fishing;Angeln;Pêche;Pesca;boolean;sport
sport_fitnessroom;Fitness Room;Fitnessraum;Salle de fitness;Sala Fitness;boolean;sport
sport_golf;Golf;Golf;Golf;Golf;boolean;sport
sport_golfcourse;Golf course;Golfplatz;Terrain de golf;Golf;boolean;sport
sport_gym;Gym;Fitnessstudio;Gymnase;Palestra;boolean;sport
sport_handball;Handball;Handball;Handball;Pallamano;boolean;sport
sport_hiking;Hiking;Wandern;Randonnée;Escursionismo;boolean;sport
sport_hikingandcyling;Hiking and cycling opportunities;Wander- und Radfahrmöglichkeiten;Possibilités de randonnée à pied et à vélo;Possibilità di escursioni a piedi e in bicicletta;boolean;sport
sport_horseriding;Horse riding;Reiten;Équitation;Equitazione;boolean;sport
sport_iceskating;Ice skating;Eislaufen;Patinage;Pattinaggio su ghiaccio;boolean;sport
sport_indoorcurlingrink;Indoor curling rink;Indoor-Eisstockbahn;Piste de curling intérieure;Pista di curling al coperto;boolean;sport
sport_indoorswimmingpool;Indoor swimming pool;Hallenbad;Piscine intérieure;Piscina coperta;boolean;sport
sport_jetskiing;Jet skiing;Jetski fahren;Jet ski;Moto d'acqua;boolean;sport
sport_jogging;Jogging;Jogging;Jogging;Jogging;boolean;sport
sport_kayaking;Kayaking;Kajaken;Kayak;Kayak;boolean;sport
sport_kitesurfing;Kitesurfing;Kitesurfen;Kitesurf;Kitesurf;boolean;sport
sport_minigolf;Mini golf course;Minigolfanlage;Mini-golf;Campo da minigolf;boolean;sport
sport_motorboatrides;Motorboat rides;Fahrten mit dem Motorboot;Promenades en bateau à moteur;Gite in motoscafo;boolean;sport
sport_mountainbiking;Mountain biking;Mountainbiken;Vtt;Escursioni in mountain bike;boolean;sport
sport_nordicwalking;Nordic walking;Nordic Walking;Marche nordique;Camminata nordica;boolean;sport
sport_otherwatersports;Other water sports;Andere Wassersportarten;Autres sports nautiques;Altri sport acquatici;boolean;sport
sport_outdoorswimmingpool;Outdoor swimming pool;Aussenpool;Piscine extérieure;Piscina all'aperto;boolean;sport
sport_paddleboating;Paddle boating;Tretbootfahren;Pédalo;Pedalò;boolean;sport
sport_paddletennis;Paddle tennis;Paddle-Tennis;Paddle-tennis;Paddle tennis;boolean;sport
sport_paragliding;Paragliding;Gleitschirmfliegen;Parapente;Parapendio;boolean;sport
sport_parasailing;Parasailing;Parasailing;Parachute ascensionnel;Parapendio;boolean;sport
sport_personaltrainer;Personal trainer;Personal Trainer;Personal trainer;Personal trainer;boolean;sport
sport_pilates;Pilates;Pilates;Le Pilates;Pilates;boolean;sport
sport_pisteaccess;Piste access;Zugang zur Piste;Accès aux pistes;Accesso alle piste;boolean;sport
sport_powerplate;Power Plate;Power Plate;Power Plate;Power Plate;boolean;sport
sport_sailing;Sailing;Segeln;Navigation;Vela;boolean;sport
sport_sledging;Sledging;Schlittenfahrt;Luge;Slitta;boolean;sport
sport_snowboarding;Snowboarding;Snowboarden;Planche à neige;Snowboard (Snowboard);boolean;sport
sport_snowshoehiking;Snowshoe hiking;Schneeschuhwandern;Randonnée en raquettes;Escursioni con le racchette da neve;boolean;sport
sport_sportsgroundhall;Sports ground/hall;Sportplatz/Sporthalle;Terrain de sport/salle de sport;Campo sportivo/palazzetto;boolean;sport
sport_squash;Squash;Squash;Squash;Squash;boolean;sport
sport_suprental;SUP boards rental;SUP-Board Verleih;Location de planches SUP;Noleggio di tavole da SUP;boolean;sport
sport_tablefootball;Table football;Tischfussball;Baby-foot;Calcio balilla;boolean;sport
sport_tabletennis;Table tennis;Tischtennis;Ping-pong;Ping-pong;boolean;sport
sport_taichi;Tai-Chi;Tai-Chi;Le Tai-Chi;Tai-Chi;boolean;sport
sport_tennis;Tennis;Tennis;Tennis;Tennis;boolean;sport
sport_tenniscourt;Tennis court;Tennisplatz;Court de tennis;Campo di tennis;boolean;sport
sport_volleyball;Volleyball;Volleyball;Volley-ball;Pallavolo;boolean;sport
sport_wateraerobics;Water aerobics;Wasseraerobic;Aquagym;Acquagym;boolean;sport
sport_waterskiing;Water skiing;Wasserski;Ski nautique;Sci nautico;boolean;sport
sport_windsurfing;Windsurfing;Windsurfen;Planche à voile;Windsurf;boolean;sport
sport_yoga;Yoga;Yoga;Yoga;Yoga;boolean;sport
sustainability_avoidingonewaypackaging;Avoiding one way packaging;Vermeidung von Einwegverpackungen;Éviter les emballages à sens unique;Evitare l'imballaggio unidirezionale;boolean;sustainability
sustainability_avoidingordonatingleftoverfood;Avoiding or donating leftover food;Essensreste vermeiden oder spenden;Éviter ou donner des restes de nourriture;Evitare o donare gli avanzi di cibo;boolean;sustainability
sustainability_cleaningmaterialsecofriendly;Cleaning materials ecofriendly;Umweltfreundliche Reinigungsmaterialien;Matériel de nettoyage écologique;Materiali per la pulizia ecologici;boolean;sustainability
sustainability_doubleglazedwindows;Double glazed windows;Doppelt verglaste Fenster;Double vitrage;Doppi vetri;boolean;sustainability
sustainability_electricenergy100renewable;Electric eergy 100% renewable;Elektrische Energie 100 % erneuerbar;Énergie électrique 100% renouvelable;Energia elettrica 100% rinnovabile;boolean;sustainability
sustainability_energyefficientconstruction;Energy efficient construction;Energieeffizienter Bau;Construction économe en énergie;Costruzione efficiente dal punto di vista energetico;boolean;sustainability
sustainability_energyefficientdevices;Energy efficient devices;Energieeffiziente Geräte;Appareils économes en énergie;Dispositivi ad alta efficienza energetica;boolean;sustainability
sustainability_energysavingbysmartsystems;Energy savingby smart systems;Energieeinsparung durch intelligente Systeme;Économie d'énergie grâce aux systèmes intelligents;Risparmio energetico con sistemi intelligenti;boolean;sustainability
sustainability_environmentalfriendlycleansingproductsonly;Only environmentally friendly cleaning products;Nur umweltfreundliche Reinigungsmittel;Produits nettoyants respectueux de l'environnement uniquement;Solo prodotti detergenti rispettosi dell'ambiente;boolean;sustainability
sustainability_fairsalaries;Faire Gehälter;Faire Gehälter;Des salaires équitables;Stipendi giusti;boolean;sustainability
sustainability_fairtradeimportedproducts;Fairtrade imported products;Fairtrade-Importprodukte;Produits importés du commerce équitable;Prodotti importati dal commercio equo e solidale;boolean;sustainability
sustainability_guestscanabondondailyroomcleaning;Guests can abondon daily room cleaning;Gäste können auf tägliche Zimmerreinigung verzichten;Les clients peuvent renoncer au nettoyage quotidien des chambres;Gli ospiti possono rinunciare alla pulizia giornaliera della camera;boolean;sustainability
sustainability_guestscanaskfornoroomcleaning;Guests can ask for no room cleaning;Gäste können komplett auf Zimmerreinigung verzichten;Les clients ne peuvent demander aucun nettoyage de la chambre;Gli ospiti possono richiedere che non venga effettuata la pulizia della camera;boolean;sustainability
sustainability_guestscanusetowelsseveraltimes;Guests can use towels several times;Gäste können Handtücher mehrmals nutzen;Les clients peuvent utiliser les serviettes plusieurs fois;Gli ospiti possono utilizzare gli asciugamani più volte;boolean;sustainability
sustainability_homemadefoodandbeverages;Homemade food and beverages;Hausgemachte Speisen und Getränke;Nourriture et boissons faites maison;Cibi e bevande fatti in casa;boolean;sustainability
sustainability_min80percentilluminationbyled;Min 80 percent Illuminated by LED;Min. 80 Prozent durch LED beleuchtet;Min 80 pour cent éclairé par LED;Minimo 80% illuminato da LED;boolean;sustainability
sustainability_minimizingplastic;Minimizing plastic;Minimierung von Plastik;Minimiser le plastique;Ridurre al minimo la plastica;boolean;sustainability
sustainability_minimizingplasticinbathroom;Minimizing plastic in bathroom;Minimierung von Plastik im Badezimmer;Minimiser le plastique dans la salle de bain;Ridurre al minimo la plastica in bagno;boolean;sustainability
sustainability_naturalinsulationmaterialsonly;Natural insulation materials only;Nur natürliche Dämmstoffe;Matériaux d'isolation naturels uniquement;Solo materiali isolanti naturali;boolean;sustainability
sustainability_nomicroplast;No microplastic;Kein Mikroplastik;Pas de microplastique;Niente microplastica;boolean;sustainability
sustainability_regionalbeverages;Regional beverages;Regionale Getränke;Boissons régionales;Bevande regionali;boolean;sustainability
sustainability_regionalsuppliers;Regional suppliers;Regionale Lieferanten;Fournisseurs régionaux;Fornitori regionali;boolean;sustainability
sustainability_renewableenergy;Renewable energy;Erneuerbare Energie;Energie renouvelable;Energia rinnovabile;boolean;sustainability
sustainability_seasonalandlocalfood;seasonal and local food;Saisonale und lokale Küche;Cuisine de saison et locale;Cibo stagionale e locale;boolean;sustainability
sustainability_warmwastewaterheatreuse;Warm wastewater heat reuse;Wärmenutzung bei warmem Abwasser;Réutilisation de la chaleur des eaux usées chaudes;Riutilizzo del calore delle acque reflue calde;boolean;sustainability
sustainability_watersavingtaps;Watersaving taps;Wassersparende Wasserhähne;Robinets économiseurs d'eau;Rubinetti a risparmio idrico;boolean;sustainability
sustainability_watersavingtoilets;Watersaving toilet;Wassersparende Toilette;Toilettes à économie d'eau;WC a risparmio idrico;boolean;sustainability
swimming_lake;Lake;See;Lac;Lago;boolean;swimming
swimming_river;River;Fluss;Le fleuve;Fiume;boolean;swimming
swimming_suitrental;Swimsuit rental;Verleih von Badeanzügen;Location de maillots de bain;Noleggio costumi da bagno;boolean;swimming
transport_publictransport;Public transport;Öffentliche Verkehrsmittel;Transports publics;Trasporto pubblico;boolean;transport
view_balconyorterrace;Balcony or terrace;Balkon oder Terrasse;Balcon ou terrasse;Balcone o terrazzo;boolean;view
view_gardenview;Garden view;Blick auf den Garten;Vue sur le jardin;Vista giardino;boolean;view
view_lakeview;Lake view;Blick auf den See;Vue sur le lac;Vista lago;boolean;view
view_mountainview;Mountain view;Blick auf die Berge;Vue sur la montagne;Vista sulle montagne;boolean;view
view_riverview;River view;Blick auf den Fluss;Vue sur la rivière;Vista sul fiume;boolean;view
view_viewoftheairport;View of the airport;Blick auf den Flughafen;Vue de l’aéroport;Veduta dell'aeroporto;boolean;view
view_viewofthecity;View of the city;Blick auf die Stadt;Vue sur la ville;Veduta della città;boolean;view
view_viewofthecountryside;View of the countryside;Blick ins Grüne;Vue sur la campagne;Vista sulla campagna;boolean;view
view_viewofthecourtyard;View of the courtyard;Blick auf den Innenhof;Vue sur la cour;Veduta del cortile;boolean;view
view_viewoftheforest;View of the forest;Blick auf den Wald;Vue sur la forêt;Vista sul bosco;boolean;view
view_viewontothestreet;View onto the street;Blick auf die Strasse;Vue sur la rue;Vista sulla strada;boolean;view
wellness_acupressure;Acupressure;Akupressur;Acupression;Agopressione;boolean;wellness
wellness_acupuncture;Acupuncture;Akupunktur;Acupuncture;Agopuntura;boolean;wellness
wellness_adventurepool;Adventure pool;Erlebnisbad;Piscine d’aventure;Piscina avventura;boolean;wellness
wellness_adventureshower;Adventure Shower;Erlebnis-Dusche;Douche d’aventure;Doccia Avventura;boolean;wellness
wellness_antiagingtreatment;Anti-aging treatment;Anti-Aging-Behandlung;Soin anti-âge;Trattamento anti-età;boolean;wellness
wellness_antistresstreatment;Anti-stress treatment;Anti-Stress-Behandlung;Traitement anti-stress;Trattamento antistress;boolean;wellness
wellness_applicationsforcouples;Applications for couples;Behandlungen für Paare;Applications pour les couples;Applicazioni per coppie;boolean;wellness
wellness_aromasauna;Aroma sauna;Aromasauna;Sauna aromatique;Sauna aromatica;boolean;wellness
wellness_aromatherapy;Aromatherapy;Aromatherapie;Aromathérapie;Aromaterapia;boolean;wellness
wellness_ayurveda;Ayurveda;Ayurveda;Ayurveda;Ayurveda;boolean;wellness
wellness_barefootwalk;Barefoot walk;Barfusspfad;Marcher pieds nus;Passeggiata a piedi nudi;boolean;wellness
wellness_beachbath;Beach bath;Strandbad;Bain de plage;Bagno in spiaggia;boolean;wellness
wellness_biosauna;Bio sauna;Bio-Sauna;Sauna bio;Bio sauna;boolean;wellness
wellness_biotopenaturalbath;Biotope natural bath;Biotop Naturbad;Bain naturel Biotope;Bagno naturale biotopo;boolean;wellness
wellness_bodyscrubs;Body scrubs;Körperpeelings;Gommages corporels;Scrub corpo;boolean;wellness
wellness_botox;Botox;Botox;Le Botox;Botox;boolean;wellness
wellness_brinebaths;Brine baths;Solebäder;Bains de saumure;Bagni di salamoia;boolean;wellness
wellness_checkupbyadoctor;Health check-up by a doctor;Gesundheits-Check-up durch einen Arzt;Bilan de santé par un médecin;Check-up medico da parte di un medico;boolean;wellness
wellness_childrenspool;Childrens pool;Kinderbecken;Piscine pour enfants;Piscina per bambini;boolean;wellness
wellness_collaborationwithclinics;Collaboration with clinics;Zusammenarbeit mit Kliniken;Collaboration avec les cliniques;Collaborazione con cliniche;boolean;wellness
wellness_depilation;Depilation;Enthaarung;Épilation;Depilazione;boolean;wellness
wellness_facialtreatment;Facial Treatment;Gesichtsbehandlung;Soin du visage;Trattamento Viso;boolean;wellness
wellness_familywellnessarea;Family wellness area;Familien-Wellnessbereich;Espace bien-être familial;Area benessere per famiglie;boolean;wellness
wellness_fasting;Fasting;Fasten;Jeûne;Digiuno;boolean;wellness
wellness_finnishsauna;Finnish sauna;Finnische Sauna;Sauna finlandais;Sauna finlandese;boolean;wellness
wellness_footreflexology;Foot reflexology;Fussreflexzonenmassage;Réflexologie;Riflessologia plantare;boolean;wellness
wellness_forpregnantwomen;Treatment for pregnant women;Behandlung für Schwangere;Traitement pour les femmes enceintes;Trattamento per le donne in gravidanza;boolean;wellness
wellness_foryoungmothers;Treatment for young mothers;Behandlung für junge Mütter;Traitement pour les jeunes mères;Trattamento per le giovani madri;boolean;wellness
wellness_hairdresser;Hairdresser;Frisör;Coiffeur;Parrucchiere;boolean;wellness
wellness_hamam;Hamam;Hamam;Hammam;Hamam;boolean;wellness
wellness_haybath;Hay bath;Heubad;Bain de foin;Bagno di fieno;boolean;wellness
wellness_homeopathy;Homeopathy;Homöopathie;Homéopathie;Omeopatia;boolean;wellness
wellness_hydrotherapy;Hydrotherapy;Hydrotherapie;Hydrothérapie;Idroterapia;boolean;wellness
wellness_icegrotto;Ice grotto;Eisgrotte;Grotte de glace;Grotta di ghiaccio;boolean;wellness
wellness_kneipp;Kneipp;Kneippen;Kneipp;Kneipp;boolean;wellness
wellness_lifting;Lifting;Lifting;Lifting;Lifting;boolean;wellness
wellness_lymphaticdrainage;Lymphatic drainage;Lymphdrainage;Drainage lymphatique;Drenaggio linfatico;boolean;wellness
wellness_manicure;Manicure;Maniküre;Manucure;Manicure;boolean;wellness
wellness_massage;Massage;Massage;Masser;Massaggio;boolean;wellness
wellness_meditation;Meditation;Meditation;Méditation;Meditazione;boolean;wellness
wellness_nutritioncounseling;Nutrition counseling;Ernährungsberatung;Conseils en nutrition;Consulenza nutrizionale;boolean;wellness
wellness_osteopathy;Osteopathy;Osteopathie;Ostéopathie;Osteopatia;boolean;wellness
wellness_pedicure;Pedicure;Pediküre;Pédicure;Pedicure;boolean;wellness
wellness_peeling;Peeling;Peeling;Peeling;Peeling;boolean;wellness
wellness_physicaltherapy;Physical therapy;Physiotherapie;Physiothérapie;Fisioterapia;boolean;wellness
wellness_privatespasuite;Private Spa Suite;Private Spa Suite;Suite Spa Privée;Suite Spa Privata;boolean;wellness
wellness_rehabilitationorcures;Rehabilitation or Cures;Rehabilitation oder Kuren;Réhabilitation ou cures;Riabilitazione o Cure;boolean;wellness
wellness_relaxationroom;Relaxation room;Ruheraum;Salle de détente;Sala relax;boolean;wellness
wellness_riverbath;River Bath;Flussbad;Bain de rivière;Bagno fluviale;boolean;wellness
wellness_romanirishbath;Roman-Irish bath;Römisch-Irisches Bad;Bain romano-irlandais;Bagno romano-irlandese;boolean;wellness
wellness_sauna;Sauna;Sauna;Sauna;Sauna;boolean;wellness
wellness_skinanalysis;Skin analysis;Hautanalyse;Analyse de la peau;Analisi della pelle;boolean;wellness
wellness_sleeplaboratory;Sleep laboratory;Schlaflabor;Laboratoire du sommeil;Laboratorio del sonno;boolean;wellness
wellness_sportspool;Sports pool;Sportbecken;Piscine sportive;Piscina sportiva;boolean;wellness
wellness_steambath;Steam bath;Dampfbad;Bain de vapeur;Vapore;boolean;wellness
wellness_sulfurbaths;Sulfur baths;Schwefelbäder;Bains de soufre;Bagni sulfurei;boolean;wellness
wellness_thalassotherapy;Thalasso therapy;Thalasso-Therapie;Thalasso thérapie;Talassoterapia;boolean;wellness
wellness_thermalbaths;Thermal baths;Thermalbäder;Thermes;Terme;boolean;wellness
wellness_thermalspa;Thermal spa;Thermal Spa;Spa thermal;Centro termale;boolean;wellness
wellness_traditionalchinesemedicine;Traditional Chinese medicine;Traditionelle Chinesische Medizin;Médecine traditionnelle chinoise;Medicina tradizionale cinese;boolean;wellness
wellness_treatmentforchildren;Treatment for children;Behandlung für Kinder;Traitement pour les enfants;Trattamento per i bambini;boolean;wellness
wellness_treatmentwithswissherbs;Treatment with Swiss herbs;Behandlung mit Schweizer Kräutern;Traitement aux herbes suisses;Trattamento con erbe svizzere;boolean;wellness
wellness_whirlpoolorjacuzzi;Whirlpool or Jacuzzi;Whirlpool oder Jacuzzi;Bain à remous ou jacuzzi;Idromassaggio o vasca idromassaggio;boolean;wellness
wellness_winetherapy;Wine therapy;Weintherapie;Vinothérapie;Vinoterapia;boolean;wellness
